first_name,last_name,What is your LinkedIn profile?,What is your GitHub username?,What company do you work for? (if student then write your college name),What is your job title?
Asha,Demo,https://linkedin.com/in/asha-demo,https://github.com/adot-7,Demo Labs,Software Engineer
Sarthak,Demo,https://linkedin.com/in/sarthak-demo,https://github.com/Marky2813,Demo Labs,Software Engineer
Quiet,Builder,https://linkedin.com/in/quiet-builder,https://github.com/quiet-builder,Orbit Systems,Backend Developer
Fork,Farmer,https://linkedin.com/in/fork-farmer,https://github.com/fork-farmer-one,Nova Tech,AI Engineer
Pranav,Dup,https://linkedin.com/in/pranav-dup,https://github.com/pranav-dup,Demo Technological University,Student
Pranav,Dup,https://linkedin.com/in/pranav-dup,https://github.com/pranav-dup,Demo Technological University,Software developer
Siddharth,Sample,https://linkedin.com/in/sid-sample,https://github.com/sid-sample,Times of demo,fullstack engineer
Siddharth,,https://linkedin.com/in/sid-sample,https://github.com/sid-sample,Times of Demo,Fullstack Engineer
Hemang,Sample,https://linkedin.com/in/hemang-sample,https://github.com/in,Novara Demo Labs,SDE Intern
Krish,Sample,https://linkedin.com/in/krish-sample,https://github.com/in,Demo College,ML Intern
Shourya,Sample,https://linkedin.com/in/shourya-sample,,Microsoft Demo,Technical Intern
Sonia,Sample,https://linkedin.com/in/sonia-sample,,Sewbot Demo Pvt Ltd,Director and co-founder
,,https://linkedin.com/in/anon-sample,https://github.com/anon-sample,EY Demo,Consultant
Aditya,Sharma,https://linkedin.com/in/aditya-sharma-1,https://github.com/aditya-sharma-1,Demo Institute of Technology,Student
Aditya,Sharma,https://linkedin.com/in/aditya-sharma-2,https://github.com/aditya-sharma-2,Demo University,Frontend Developer
Kedar,Sample,https://linkedin.com/in/kedar-sample,https://github.com/kedar-sample,NA,NA
Student1,Demo,https://linkedin.com/in/student1-demo,https://github.com/student1-demo,Demo Womens University,Student
Student2,Demo,https://linkedin.com/in/student2-demo,https://github.com/student2-demo,Demo Engineering College,STUDENT
Student3,Demo,https://linkedin.com/in/student3-demo,https://github.com/student3-demo,Demo Technological University,Student
Student4,Demo,https://linkedin.com/in/student4-demo,https://github.com/student4-demo,Demo Technological University,student
Student5,Demo,https://linkedin.com/in/student5-demo,https://github.com/student5-demo,Demo Technological University,STUDENT
Student6,Demo,https://linkedin.com/in/student6-demo,https://github.com/student6-demo,Demo Institute of Technology,Student
Student7,Demo,https://linkedin.com/in/student7-demo,https://github.com/student7-demo,Demo Technological University,student
Student8,Demo,https://linkedin.com/in/student8-demo,https://github.com/student8-demo,Demo Engineering College,Student
Student9,Demo,https://linkedin.com/in/student9-demo,https://github.com/student9-demo,Demo Institute of Technology,Student
Student10,Demo,https://linkedin.com/in/student10-demo,https://github.com/student10-demo,Demo Engineering College,Student
Student11,Demo,https://linkedin.com/in/student11-demo,https://github.com/student11-demo,Demo Technological University,Student
Student12,Demo,https://linkedin.com/in/student12-demo,https://github.com/student12-demo,Demo Technological University,STUDENT
Student13,Demo,https://linkedin.com/in/student13-demo,https://github.com/student13-demo,Demo Engineering College,Student
Student14,Demo,https://linkedin.com/in/student14-demo,https://github.com/student14-demo,Demo Institute of Technology,Student
Student15,Demo,https://linkedin.com/in/student15-demo,https://github.com/student15-demo,Demo Institute of Technology,student
Student16,Demo,https://linkedin.com/in/student16-demo,https://github.com/student16-demo,Demo Engineering College,Student
Student17,Demo,https://linkedin.com/in/student17-demo,https://github.com/student17-demo,Demo Technological University,STUDENT
Student18,Demo,https://linkedin.com/in/student18-demo,https://github.com/student18-demo,Demo Womens University,STUDENT
Student19,Demo,https://linkedin.com/in/student19-demo,https://github.com/student19-demo,Demo Institute of Technology,Student
Student20,Demo,https://linkedin.com/in/student20-demo,https://github.com/student20-demo,Demo Institute of Technology,student
Student21,Demo,https://linkedin.com/in/student21-demo,https://github.com/student21-demo,Demo Technological University,STUDENT
Student22,Demo,https://linkedin.com/in/student22-demo,https://github.com/student22-demo,Demo Technological University,STUDENT
Student23,Demo,https://linkedin.com/in/student23-demo,https://github.com/student23-demo,Demo Technological University,STUDENT
Student24,Demo,https://linkedin.com/in/student24-demo,https://github.com/student24-demo,Demo Institute of Technology,student
Student25,Demo,https://linkedin.com/in/student25-demo,https://github.com/student25-demo,Demo Engineering College,student
Student26,Demo,https://linkedin.com/in/student26-demo,https://github.com/student26-demo,Demo Engineering College,STUDENT
Student27,Demo,https://linkedin.com/in/student27-demo,https://github.com/student27-demo,Demo Engineering College,student
Student28,Demo,https://linkedin.com/in/student28-demo,https://github.com/student28-demo,Demo Womens University,Student
Student29,Demo,https://linkedin.com/in/student29-demo,https://github.com/student29-demo,Demo Institute of Technology,STUDENT
Student30,Demo,https://linkedin.com/in/student30-demo,https://github.com/student30-demo,Demo Institute of Technology,Student
Student31,Demo,https://linkedin.com/in/student31-demo,https://github.com/student31-demo,Demo Womens University,STUDENT
Student32,Demo,https://linkedin.com/in/student32-demo,https://github.com/student32-demo,Demo Engineering College,student
Student33,Demo,https://linkedin.com/in/student33-demo,https://github.com/student33-demo,Demo Engineering College,student
Student34,Demo,https://linkedin.com/in/student34-demo,https://github.com/student34-demo,Demo Technological University,Student
Student35,Demo,https://linkedin.com/in/student35-demo,https://github.com/student35-demo,Demo Engineering College,Student
Student36,Demo,https://linkedin.com/in/student36-demo,https://github.com/student36-demo,Demo Womens University,Student
Student37,Demo,https://linkedin.com/in/student37-demo,https://github.com/student37-demo,Demo Engineering College,student
Student38,Demo,https://linkedin.com/in/student38-demo,https://github.com/student38-demo,Demo Technological University,STUDENT
Student39,Demo,https://linkedin.com/in/student39-demo,https://github.com/student39-demo,Demo Technological University,STUDENT
Student40,Demo,https://linkedin.com/in/student40-demo,https://github.com/student40-demo,Demo Womens University,student
Pro1,Demo,https://linkedin.com/in/pro1-demo,https://github.com/pro1-demo,Pixel Works,Founder
Pro2,Demo,https://linkedin.com/in/pro2-demo,https://github.com/pro2-demo,Ganges Demo,Founder
Pro3,Demo,https://linkedin.com/in/pro3-demo,https://github.com/pro3-demo,Ganges Demo,Software Engineer
Pro4,Demo,https://linkedin.com/in/pro4-demo,https://github.com/pro4-demo,Orbit Systems,SDE
Pro5,Demo,https://linkedin.com/in/pro5-demo,https://github.com/pro5-demo,Ganges Demo,DevOps Engineer
Pro6,Demo,https://linkedin.com/in/pro6-demo,https://github.com/pro6-demo,Orbit Systems,Software Engineer
Pro7,Demo,https://linkedin.com/in/pro7-demo,https://github.com/pro7-demo,Pixel Works,DevOps Engineer
Pro8,Demo,https://linkedin.com/in/pro8-demo,https://github.com/pro8-demo,Acme Demo,DevOps Engineer
Pro9,Demo,https://linkedin.com/in/pro9-demo,https://github.com/pro9-demo,Ganges Demo,SDE
Pro10,Demo,https://linkedin.com/in/pro10-demo,https://github.com/pro10-demo,Ganges Demo,DevOps Engineer
Pro11,Demo,https://linkedin.com/in/pro11-demo,https://github.com/pro11-demo,Pixel Works,Software Engineer
Pro12,Demo,https://linkedin.com/in/pro12-demo,https://github.com/pro12-demo,Ganges Demo,SDE
Pro13,Demo,https://linkedin.com/in/pro13-demo,https://github.com/pro13-demo,Nova Tech,Founder
Pro14,Demo,https://linkedin.com/in/pro14-demo,https://github.com/pro14-demo,Orbit Systems,Product Manager
Pro15,Demo,https://linkedin.com/in/pro15-demo,https://github.com/pro15-demo,Orbit Systems,AI Engineer
Pro16,Demo,https://linkedin.com/in/pro16-demo,https://github.com/pro16-demo,Pixel Works,AI Engineer
Pro17,Demo,https://linkedin.com/in/pro17-demo,https://github.com/pro17-demo,Nova Tech,Product Manager
Pro18,Demo,https://linkedin.com/in/pro18-demo,https://github.com/pro18-demo,Ganges Demo,Data Analyst
Pro19,Demo,https://linkedin.com/in/pro19-demo,https://github.com/pro19-demo,Ganges Demo,Software Engineer
Pro20,Demo,https://linkedin.com/in/pro20-demo,https://github.com/pro20-demo,Nova Tech,Product Manager
Pro21,Demo,https://linkedin.com/in/pro21-demo,https://github.com/pro21-demo,Ganges Demo,Founder
Pro22,Demo,https://linkedin.com/in/pro22-demo,https://github.com/pro22-demo,Pixel Works,AI Engineer
Pro23,Demo,https://linkedin.com/in/pro23-demo,https://github.com/pro23-demo,Ganges Demo,Data Analyst
Pro24,Demo,https://linkedin.com/in/pro24-demo,https://github.com/pro24-demo,Acme Demo,SDE
Intern1,Demo,https://linkedin.com/in/intern1-demo,https://github.com/intern1-demo,Ganges Demo,SDE Intern
Intern2,Demo,https://linkedin.com/in/intern2-demo,https://github.com/intern2-demo,Pixel Works,SDE Intern
Intern3,Demo,https://linkedin.com/in/intern3-demo,https://github.com/intern3-demo,Ganges Demo,SDE Intern
Intern4,Demo,https://linkedin.com/in/intern4-demo,https://github.com/intern4-demo,Nova Tech,SDE Intern
